phase,id,completed,seconds,brrr,slip_points,longest_streak,condition,episodes
calibration-r0,DEP_straight,True,8.93333333333333,202.237241324387,0.0170922036324065,2.01666666666666,1000,0
calibration-r0,DEP_road,True,11.3,33.851750371721,1.23929584079309,0.483333333333333,1000,0
calibration-r0,DEP_slip_1,True,7.78333333333333,355.131098323314,64.01771272227,2.73333333333333,1000,0
calibration-r0,DEP_slip_1.5,True,7.05,567.82372834397,143.864867624501,3.73333333333332,1000,0
calibration-r0,DEP_slip_2,True,10.6833333333333,814.868230312375,252.265085073817,4.69999999999999,777,1
calibration-r0,RLY_interior,True,19.0,161.654726875802,29.8995630043548,0.733333333333334,1000,0
calibration-r0,RLY_sweep_6,True,33.9833333333333,1735.34944857012,684.255023566331,3.39999999999999,656,3
calibration-r0,RLY_sweep_12,True,35.6666666666667,1789.4026862764,699.190400272443,3.61666666666666,659,3
calibration-r0,RLY_sweep_20,True,33.0666666666667,1865.3610590822,636.294277285855,6.49999999999998,770,1
calibration-r0,WRK_easy,True,9.25,146.315250096944,17.9022772519726,0.966666666666668,1000,0
calibration-lines,RLY_sweep_l30_v26,True,33.9666666666667,1126.9156656215,234.509694493885,7.41666666666665,768,1
calibration-lines,RLY_sweep_l30_v30,True,32.7,1556.60760265928,333.27543977203,6.49999999999998,773,1
calibration-lines,RLY_sweep_l45_v26,True,33.1666666666667,1184.48607114861,291.576661901106,7.46666666666665,769,1
calibration-lines,RLY_sweep_l45_v30,True,32.0833333333333,1549.96583163276,328.724078148356,6.53333333333332,772,1
calibration-lines,RLY_sweep_l60_v26,True,32.4833333333333,1264.13053701784,367.29983211371,7.56666666666665,775,1
calibration-lines,RLY_sweep_l60_v30,True,31.4666666666667,1681.39110909115,453.839364626916,6.61666666666665,782,1
calibration-lines,RLY_interior_committed,False,70.0,16045.3460870594,9475.01884633539,6.36666666666665,0,11
calibration-lines,DEP_drift_1.2,True,6.25,434.711899867324,91.6821131761884,3.13333333333333,1000,0
calibration-lines,DEP_drift_1.4,True,5.61666666666667,521.535204945214,124.82900757797,3.53333333333333,1000,0
calibration-lines,DEP_drift_1.6,True,8.78333333333333,615.594290581206,163.72912972231,3.93333333333332,1000,0
calibration-sweep,RLY_line_l20_v22,True,36.1666666666667,518.443933051144,129.378851513051,8.73333333333335,762,1
calibration-sweep,RLY_line_l20_v24,True,35.4,917.05842719815,246.553297444931,8.01666666666664,764,1
calibration-sweep,RLY_line_l40_v22,True,35.05,521.595115973808,133.756806774793,8.76666666666668,766,1
calibration-sweep,RLY_line_l40_v24,True,34.2166666666667,880.43031554065,211.696864437015,8.04999999999998,768,1
calibration-sweep,RLY_line_l70_v22,True,33.5333333333333,541.368536471926,192.315647181541,7.43333333333331,959,3
calibration-sweep,RLY_line_l70_v24,True,32.5333333333333,852.098389437803,299.66399193109,4.38333333333332,945,3
calibration-sweep,RLY_short_north_burst,False,70.0,12963.5093468039,7771.35458308094,6.33333333333332,0,9
calibration-anticipation,RLY_anticipate_20_0.5,True,32.5333333333333,1475.22063955664,509.816694545605,6.29999999999998,925,1
calibration-anticipation,RLY_anticipate_20_1,True,32.4666666666667,1693.40430882707,737.04695098123,5.83333333333332,931,1
calibration-anticipation,RLY_anticipate_40_0.5,True,32.5333333333333,1371.09671671296,406.717577436878,6.28333333333332,963,1
calibration-anticipation,RLY_anticipate_40_1,True,32.3333333333333,1561.82381341628,613.6562293536,5.49999999999999,968,1
calibration-anticipation,RLY_anticipate_60_0.5,True,32.5666666666667,1413.94570097755,451.846291341159,6.08333333333332,936,1
calibration-anticipation,RLY_anticipate_60_1,True,32.1333333333333,1502.0646807084,556.538276944309,5.68333333333332,998,1
calibration-anticipation,RLY_short_burst_control,True,21.35,359.37145445366,139.596148961047,2.28333333333333,1000,0
calibration-works,WRK_hot,True,32.2,944.748841867874,334.678278292447,2.25,419,4
calibration-works,WRK_early,True,8.98333333333333,201.844794820644,23.6571618233435,1.81666666666667,1000,1
calibration-works,WRK_early2,True,9.21666666666667,178.469880414341,17.8705368728775,1.66666666666667,1000,0
calibration-works,WRK_late,True,8.66666666666667,275.497619277244,45.8102237289539,2.25,988,1
calibration-works,WRK_spread,True,12.1833333333333,0.0,0.0,0.0,1000,0
calibration-works,WRK_bypass,True,23.1166666666667,167.572978543482,33.0179362114686,0.733333333333334,1000,0
calibration-controls,RLY_direct_north,False,70.0,86.0757724728077,0.508671044034045,0.933333333333335,760,1
calibration-controls,RLY_interior_late_burst,False,70.0,14545.6591878961,8762.9504719391,6.34999999999998,0,8
calibration-controls,WRK_naive_no_hop,True,9.25,146.315250096944,17.9022772519726,0.966666666666668,1000,0
calibration-works-direct,WRK_direct_hot,False,60.0,236.431238915147,1.20042043476092,2.28333333333333,761,1
calibration-works-direct,WRK_direct_hop_early,True,8.95,164.508168208762,0.239078902036167,1.7,1000,0
calibration-works-direct,WRK_direct_hop_mid,True,8.85,172.6267685362,0.319237263099419,1.76666666666667,1000,0
calibration-works-direct,WRK_direct_hop_late,True,8.46666666666667,227.598931026424,1.06356637315407,2.21666666666666,773,1
calibration-works-direct,WRK_direct_spread_no_hop,True,12.2166666666667,0.0,0.0,0.0,777,1
